{
  "name": "Dactyl Manuform 5x6_67_right_trackball",
  "vendorId": "0x444D",
  "productId": "0x3435",
  "matrix": {
    "rows": 12,
    "cols": 6
  },
  "layouts": {
    "keymap": [
      {
        "name": "Dactyl Manuform 5x6_67 Right Trackball"
      },
      [
        {
          "x": 3.66
        },
        "0,3",
        {
          "x": 11.25
        },
        "6,3"
      ],
      [
        {
          "y": -0.97,
          "x": 4.79
        },
        "0,4",
        {
          "x": 8.990000000000002
        },
        "6,4"
      ],
      [
        {
          "y": -0.9200000000000002,
          "x": 5.91
        },
        "0,5"
      ],
      [
        {
          "y": -0.9999999999999999,
          "x": 13.66
        },
        "6,5"
      ],
      [
        {
          "y": -0.97,
          "x": 2.54
        },
        "0,2",
        {
          "x": 13.490000000000002
        },
        "6,2"
      ],
      [
        {
          "y": -0.77,
          "w": 1.5
        },
        "0,0",
        {
          "x": -0.09000000000000008
        },
        "0,1",
        {
          "x": 15.75
        },
        "6,1",
        {
          "x": 0.41000000000000014,
          "w": 1.5
        },
        "6,0"
      ],
      [
        {
          "y": -0.29000000000000004,
          "x": 3.66
        },
        "1,3"
      ],
      [
        {
          "y": -1,
          "x": 15.91
        },
        "7,3"
      ],
      [
        {
          "y": -0.97,
          "x": 4.79
        },
        "1,4"
      ],
      [
        {
          "y": -1,
          "x": 14.78
        },
        "7,4"
      ],
      [
        {
          "y": -0.9199999999999999,
          "x": 5.91
        },
        "1,5",
        {
          "x": 6.75
        },
        "7,5"
      ],
      [
        {
          "y": -0.97,
          "x": 2.53
        },
        "1,2"
      ],
      [
        {
          "y": -1,
          "x": 17.03,
          "a": 6
        },
        "7,2"
      ],
      [
        {
          "y": -0.7800000000000002,
          "a": 4,
          "w": 1.5
        },
        "1,0"
      ],
      [
        {
          "y": -0.9999999999999998,
          "x": 19.57,
          "w": 1.5
        },
        "7,0"
      ],
      [
        {
          "y": -0.9900000000000002,
          "x": 1.41
        },
        "1,1"
      ],
      [
        {
          "y": -0.9999999999999998,
          "x": 18.16
        },
        "7,1"
      ],
      [
        {
          "y": -0.29000000000000004,
          "x": 3.66
        },
        "2,3",
        {
          "x": 11.25
        },
        "8,3"
      ],
      [
        {
          "y": -0.9699999999999998,
          "x": 4.78,
          "n": true
        },
        "2,4",
        {
          "x": 9,
          "n": true
        },
        "8,4"
      ],
      [
        {
          "y": -0.9300000000000002,
          "x": 5.91
        },
        "2,5",
        {
          "x": 6.75
        },
        "8,5"
      ],
      [
        {
          "y": -0.96,
          "x": 2.53
        },
        "2,2",
        {
          "x": 13.51
        },
        "8,2"
      ],
      [
        {
          "y": -0.7799999999999998,
          "w": 1.5
        },
        "2,0",
        {
          "x": -0.09000000000000008
        },
        "2,1",
        {
          "x": 15.75
        },
        "8,1",
        {
          "x": 0.41000000000000014,
          "w": 1.5
        },
        "8,0"
      ],
      [
        {
          "y": -0.28000000000000025,
          "x": 3.66
        },
        "3,3",
        {
          "x": 11.25
        },
        "9,3"
      ],
      [
        {
          "y": -0.9699999999999998,
          "x": 4.78
        },
        "3,4",
        {
          "x": 9.009999999999998
        },
        "9,4"
      ],
      [
        {
          "y": -0.9300000000000006,
          "x": 5.91
        },
        "3,5"
      ],
      [
        {
          "y": -0.9999999999999996,
          "x": 13.66
        },
        "9,5"
      ],
      [
        {
          "y": -0.96,
          "x": 2.53
        },
        "3,2",
        {
          "x": 13.51
        },
        "9,2"
      ],
      [
        {
          "y": -0.7800000000000002,
          "w": 1.5
        },
        "3,0",
        {
          "x": -0.09000000000000008
        },
        "3,1",
        {
          "x": 15.75
        },
        "9,1",
        {
          "x": 0.41000000000000014,
          "w": 1.5
        },
        "9,0"
      ],
      [
        {
          "y": -0.28000000000000025,
          "x": 3.66
        },
        "4,3",
        {
          "x": 11.25
        },
        "10,3"
      ],
      [
        {
          "y": -0.9699999999999998,
          "x": 4.78
        },
        "4,4",
        {
          "x": 9.009999999999998
        },
        "10,4"
      ],
      [
        {
          "y": -0.8899999999999997,
          "x": 2.53
        },
        "4,2",
        {
          "x": 13.51
        },
        "10,2"
      ],
      [
        {
          "y": -0.7800000000000002,
          "w": 1.5
        },
        "4,0",
        {
          "x": -0.09000000000000008
        },
        "4,1",
        {
          "x": 15.75
        },
        "10,1",
        {
          "x": 0.41000000000000014,
          "w": 1.5
        },
        "10,0"
      ],
      [
        {
          "r": 30,
          "rx": 12.59,
          "ry": 7.21,
          "y": -0.5,
          "x": -0.5
        },
        "11,4"
      ],
      [
        {
          "r": 31,
          "rx": 7.65,
          "ry": 4.14,
          "y": -0.5,
          "x": -0.5
        },
        "5,5"
      ],
      [
        {
          "rx": 8.55,
          "ry": 4.67,
          "y": -0.5,
          "x": -0.5
        },
        "5,4"
      ],
      [
        {
          "rx": 8.65,
          "ry": 6.56,
          "y": -0.5,
          "x": -0.5
        },
        "5,2"
      ],
      [
        {
          "rx": 9.19,
          "ry": 5.66,
          "y": -0.5,
          "x": -0.5
        },
        "5,3"
      ],
      [
        {
          "r": 121,
          "rx": 6.96,
          "ry": 5.26,
          "y": -0.5,
          "x": -0.5,
          "w": 1.5
        },
        "4,5"
      ],
      [
        {
          "rx": 7.89,
          "ry": 5.8,
          "y": -0.5,
          "x": -0.5,
          "w": 1.5
        },
        "5,1"
      ],
      [
        {
          "r": -72,
          "rx": 14.98,
          "ry": 6.28,
          "y": -0.5,
          "x": -0.5
        },
        "10,5"
      ],
      [
        {
          "r": -20,
          "rx": 14.04,
          "ry": 7.34,
          "y": -0.5,
          "x": -0.5
        },
        "11,5"
      ]
    ]
  }
}
